{"cameraMode":{"drawMode":0,"name":"Shaded","section":"Shading Mode"},"sceneLighting":true,"audioPlay":false,"sceneViewState":{"showFog":true,"showMaterialUpdate":false,"showSkybox":true,"showFlares":true,"showImageEffects":true,"showParticleSystems":true},"in2DMode":false,"pivot":{"x":-3.3144052028656008,"y":4.778874397277832,"z":-8.631746292114258},"rotation":{"x":-0.23931966722011567,"y":0.12973445653915406,"z":-0.032284803688526157,"w":-0.9616936445236206},"size":5.128392219543457,"orthographic":false}