{"cameraMode":{"drawMode":0,"name":"Shaded","section":"Shading Mode"},"sceneLighting":true,"audioPlay":false,"sceneViewState":{"showFog":true,"showMaterialUpdate":false,"showSkybox":true,"showFlares":true,"showImageEffects":true,"showParticleSystems":true},"in2DMode":false,"pivot":{"x":-6.8375020027160648,"y":3.487753391265869,"z":-3.8689801692962648},"rotation":{"x":-0.024057181552052499,"y":0.9679402709007263,"z":-0.10200884938240051,"w":-0.2282731831073761},"size":0.4163888692855835,"orthographic":false}