{"cameraMode":{"drawMode":0,"name":"Shaded","section":"Shading Mode"},"sceneLighting":false,"audioPlay":false,"sceneViewState":{"showFog":true,"showMaterialUpdate":false,"showSkybox":false,"showFlares":true,"showImageEffects":true,"showParticleSystems":true},"in2DMode":false,"pivot":{"x":-5.192500114440918,"y":0.9518799781799316,"z":-6.699999809265137},"rotation":{"x":0.20468229055404664,"y":0.6579236388206482,"z":-0.19275563955307008,"w":0.698632538318634},"size":1.7320507764816285,"orthographic":false}