{"cameraMode":{"drawMode":0,"name":"Shaded","section":"Shading Mode"},"sceneLighting":false,"audioPlay":false,"sceneViewState":{"showFog":true,"showMaterialUpdate":false,"showSkybox":false,"showFlares":true,"showImageEffects":true,"showParticleSystems":true},"in2DMode":false,"pivot":{"x":0.05111277103424072,"y":-0.34032297134399416,"z":-0.30868658423423769},"rotation":{"x":-0.1149199977517128,"y":0.8761422038078308,"z":-0.25754305720329287,"w":-0.3909500539302826},"size":4.979862689971924,"orthographic":false}