{"cameraMode":{"drawMode":0,"name":"Shaded","section":"Shading Mode"},"sceneLighting":true,"audioPlay":false,"sceneViewState":{"showFog":true,"showMaterialUpdate":false,"showSkybox":true,"showFlares":true,"showImageEffects":true,"showParticleSystems":true},"in2DMode":false,"pivot":{"x":0.24158287048339845,"y":-0.6937742233276367,"z":-6.763235092163086},"rotation":{"x":0.2518627345561981,"y":-0.38882943987846377,"z":0.1113889142870903,"w":0.8791881203651428},"size":8.744422912597657,"orthographic":false}