{"cameraMode":{"drawMode":0,"name":"Shaded","section":"Shading Mode"},"sceneLighting":true,"audioPlay":false,"sceneViewState":{"showFog":true,"showMaterialUpdate":false,"showSkybox":true,"showFlares":true,"showImageEffects":true,"showParticleSystems":true},"in2DMode":false,"pivot":{"x":-7.869140625,"y":4.797350883483887,"z":-4.456157207489014},"rotation":{"x":-0.022236740216612817,"y":-0.7078154683113098,"z":-0.022303584963083268,"w":0.7056952118873596},"size":4.540598392486572,"orthographic":true}