{"cameraMode":{"drawMode":0,"name":"Shaded","section":"Shading Mode"},"sceneLighting":false,"audioPlay":false,"sceneViewState":{"showFog":true,"showMaterialUpdate":false,"showSkybox":true,"showFlares":true,"showImageEffects":true,"showParticleSystems":true},"in2DMode":false,"pivot":{"x":-5.491298198699951,"y":-2.3481082916259767,"z":-0.2528868317604065},"rotation":{"x":-0.2383732944726944,"y":0.22367940843105317,"z":-0.05651784688234329,"w":-0.9433752298355103},"size":0.5497521162033081,"orthographic":false}