{"cameraMode":{"drawMode":0,"name":"Shaded","section":"Shading Mode"},"sceneLighting":false,"audioPlay":false,"sceneViewState":{"showFog":true,"showMaterialUpdate":false,"showSkybox":false,"showFlares":true,"showImageEffects":true,"showParticleSystems":true},"in2DMode":false,"pivot":{"x":-6.71705436706543,"y":2.3266258239746095,"z":-6.90529203414917},"rotation":{"x":0.027844879776239396,"y":0.9674944877624512,"z":-0.21929678320884705,"w":0.12284447252750397},"size":7.222566604614258,"orthographic":false}